Matějka,Matouš,MatousMatejka@jourrapide.com,Lucian
Beaudouin,Archard,ArchardBeaudouin@cuvox.de,Plasoner
Vörös,Adél,VorosAdel@einrot.com,Ourief
Alicea,Ivana,IvanaAliceaFuentes@gustr.com,Themplictur
Lettiere,Leopoldo,LeopoldoLettiere@dayrep.com,Abook1998
Kadyrov,Timirsolta,TimirsoltaKadyrov@armyspy.com,Quer1974
Pirozzi,Oreste,OrestePirozzi@dayrep.com,Buttle
Tamayo,Emiliano,EmilianoTamayoArchuleta@superrito.com,Glinced
Grabowski,Roman,RomanGrabowski@superrito.com,Dinted
สุผาวิทย์,ประจวบ,,Dession
Suurmond,Warsame,WarsameSuurmond@teleworm.us,Leon1944
ธนพัฒน์โยธิน,สุชนาธินาถ,,Thadjuse
Olszewski,Walenty,WalentyOlszewski@armyspy.com,Twen1947
Sinko,Renáta,SinkoRenata@rhyta.com,Halk1935
Rovashi,L'Kozak,LKozakRovashi@teleworm.us,Hodauld
Yü,Yue Wan,YueWanYu@dayrep.com,Fichan
Kolkka,Juhani,JuhaniKolkka@jourrapide.com,Comentse
گلی,بهرام,BheramGula@armyspy.com,Begine
Глазков,Мурат,Bluddre@gustr.com,Bluddre
Brekke,Magnus,MagnusBrekke@superrito.com,Firldetel
Ondagh,Krala,KralaOndagh@armyspy.com,Libus1965
Goldworthy,Robin,RobinGoldworthy@jourrapide.com,Shorme
Wu,Cong,CongWu@superrito.com,Tume1958
Wagner,Andrea,AndreaWagner@cuvox.de,Tatmedge
Young,Stewart,StewartYoung@dayrep.com,Jpgdor
Maley,Gabriella,GabriellaMaley@jourrapide.com,Messi1964
Bisliev,Elita,ElitaBisliev@fleckens.hu,Suct1987
Freud,Birgit,BirgitFreud@gustr.com,Haddry
Озеров,Гаврила,Greak1995@cuvox.de,Greak1995
Eldarkhanov,Taisa,TaisaEldarkhanov@gustr.com,Sympurs
Indriðason,Egill,EgillIndridason@armyspy.com,Hishered
Ni,Fai,FaiNi@gustr.com,Folong
Christensen,Vemund,VemundChristensen@jourrapide.com,Appitted
,Rinkimirikakuta,Rinkimirikakuta@armyspy.com,Slopeare
Laursen,Emil,EmilKLaursen@gustr.com,Smagal
Renjar,G'Kara,GKaraRenjar@jourrapide.com,Repar1984
Tung,Genji,GenjiTung@superrito.com,Clower
تاجیک,ملیکا,MelakeaTajake@fleckens.hu,Towernt1997
Björgvinsdóttir,Stella,StellaBjorgvinsdottir@rhyta.com,Vichapte
Lambert,Mohammad,MohammadLambert@fleckens.hu,Fach1974
Jóhannesdóttir,Ingunn,IngunnJohannesdottir@einrot.com,Noult1983
Hayward,Nibs,NibsHayward@teleworm.us,Prionat
Laforge,Clémence,ClemenceLaforge@einrot.com,Wilken
Požárová,Hana,HanaPozarova@teleworm.us,Butiester
Corbett,Paul,PaulKCorbett@jourrapide.com,Haster
Kaczmarek,Joasia,JoasiaKaczmarek@fleckens.hu,Thaintrack1996
Pinneau,Roland,RolandPinneau@superrito.com,Calluser
Yip,Gabriel,GabrielYip@armyspy.com,Hiser1984
Barry,Ellis,EllisBarry@dayrep.com,Aboys1960
潘,惠婷,PanHuiTing@fleckens.hu,Pasto1991
Kaneida,Dukath,DukathKaneida@cuvox.de,Whem1958
Phan,Sang,PhanThiBichSang@superrito.com,Awar1950
Mogensen,Bertram,BertramNMogensen@gustr.com,Porge1981
Korgay,Dzhambek,DzhambekKorgay@rhyta.com,Hatell
Zikoranachidimma,Nwanneka,NwannekaZikoranachidimma@rhyta.com,Ervand
Paterson,Esme,EsmePaterson@fleckens.hu,Thinted
Solbakken,Halima,HalimaSolbakken@dayrep.com,Folearribled
نخئی,نسرین,NesranNekhea@teleworm.us,Ounins
Greene,Victoria,VictoriaGreene@gustr.com,Ponerver
Kónya,Ormos,KonyaOrmos@gustr.com,Petry1938
Сидоров,Родион,Obstande@cuvox.de,Obstande
Okagbue,Obiageli,ObiageliOkagbue@teleworm.us,Agaricest
Annink,Kes,KesAnnink@gustr.com,Gribetwouter
Vũ,Diêm,VuTatDiem@dayrep.com,Anstere
Brockhouse,Diamanda,DiamandaBrockhouse@cuvox.de,Dulaying50
Fried,Tobias,TobiasFried@einrot.com,Martenow
Nygaard,Mimir,MimirANygaard@teleworm.us,Pegare
Jonasson,Blenda,BlendaJonasson@superrito.com,Gonchediess
Herrmann,Vanda,HerrmannVanda@armyspy.com,Sommom33
Níelsson,Guðbrandur,GudbrandurNielsson@gustr.com,Butionly
,Mitakadoteku,Mitakadoteku@cuvox.de,Froate47
Norberg,Kimberly,KimberlyNorberg@einrot.com,Shooke
Kim,Cát,KimQuocCat@cuvox.de,Trion1936
Holmberg,Ulrika,UlrikaHolmberg@jourrapide.com,Papined1981
Bertelsen,Lea,LeaABertelsen@dayrep.com,Slove1970
Liễu,Long,LieuNguyenLong@cuvox.de,Expriver
Hickey,Rebecca,RebeccaHickey@teleworm.us,Wagemsed
Chu,Thảo,ChuThiQuynhThao@jourrapide.com,Fible1952
Desjardins,Constance,ConstanceDesjardins@superrito.com,Scal1958
Karataev,Shamil,ShamilKarataev@superrito.com,Wentiont
Голубев,Зиновий,Begrommento@jourrapide.com,Begrommento
Pavičić,Bogomil,BogomilPavicic@armyspy.com,Doreas
Stoneman,Noah,NoahStoneman@armyspy.com,Humorstoo70
Conti,Clizia,CliziaConti@teleworm.us,Hermort
Gaillard,Mallory,MalloryGaillard@fleckens.hu,Tong1957
Chukwuemeka,Chinyere,ChinyereChukwuemeka@teleworm.us,Johasked
Успе́нская,Наина,Adisred@teleworm.us,Adisred
Antar,Usaymah,UsaymahTahiyahAntar@superrito.com,Hounch
Jenkins,Emily,EmilyJenkins@rhyta.com,Divid1977
Соломин,Исмаил,Defe1935@teleworm.us,Defe1935
Zawadzki,Benedykt,BenedyktZawadzki@gustr.com,Counly
Kaurismäki,Pirkko,PirkkoKaurismaki@armyspy.com,Marmuccuself
Schmidt,Niels,NielsCSchmidt@jourrapide.com,Youscinfecto
Gillam,Helen,HelenJGillam@gustr.com,Trucce
Johansen,Poul,PoulJohansen@gustr.com,Therld
จินตโกศล,สุจุฬีรัตน์,,Wayboodying
Hanuš,Jiří,JiriHanus@fleckens.hu,Denard
Nijborg,Houssine,HoussineNijborg@einrot.com,Pragnot
Hellström,Adam,AdamHellstrom@cuvox.de,Consento
Varga,Tomica,TomicaVarga@einrot.com,Pected1943
Hrafnhildarson,Erlingur,ErlingurHrafnhildarson@gustr.com,Obving
Steegh,Ismail,IsmailSteegh@teleworm.us,Ponot1941
Liễu,Lực,LieuTatLuc@superrito.com,Covid1942
Habte,Gebre,GebreHabte@rhyta.com,Peepothent1985
Friðleifsson,Tinna,TinnaFridleifsson@cuvox.de,Ballend
راد,مهرنگ,MherneguRad@gustr.com,Annythe
Nussbaum,Birgit,BirgitNussbaum@fleckens.hu,Posand
Price,Elliot,ElliotPrice@cuvox.de,Quisintly
Безру́ков,Пантелеймон,Throfew@dayrep.com,Throfew
Kallatar,R'Sira,RSiraKallatar@gustr.com,Paithe1987
Galambos,Olivér,GalambosOliver@armyspy.com,Nablace
Smrček,Stanislav,StanislavSmrcek@cuvox.de,Figirs
Foerster,Johanna,JohannaFoerster@rhyta.com,Grobleaugg
Ermias,Zewdi,ZewdiErmias@jourrapide.com,Therejorty60
Ferenc,Lorant,FerencLorant@cuvox.de,Havelf52
طلایی,نازنین,NazenanTelaaa@einrot.com,Strat2000
Fejes,Oszkar,FejesOszkar@cuvox.de,Thatera
Eriksson,Willy,WillyEriksson@teleworm.us,Wifecing
Benkovič,Natalie,NatalieBenkovic@gustr.com,Shunt1936
Ásgeirsdóttir,Elsa,ElsaAsgeirsdottir@fleckens.hu,Ficul1972
Abelsen,Dorthe,DortheAbelsen@superrito.com,Nellootiout
Mack,Jean,JeanCMack@fleckens.hu,Tworks1963
สมหวัง,ชนานันท์,,Abrount
Angelo,Isotta,IsottaAngelo@einrot.com,Yoring
Gaillard,Sylvie,SylvieGaillard@rhyta.com,Stectint
Jensen,Jakobine,JakobineJensen@rhyta.com,Whysid
Omar,Sheshy,SheshyOmar@rhyta.com,Nonsts1973
Balabanov,Oscar,OscarBalabanov@armyspy.com,Vibody
Gordek,Keppa,KeppaGordek@teleworm.us,Sument
Кириллова,Жасмин,Himeduced1989@einrot.com,Himeduced1989
Brownlock,Gundabald,GundabaldBrownlock@teleworm.us,Prombery
Took-Brandybuck,Jasmine,JasmineTook-Brandybuck@einrot.com,Willne
Mijatović,Milica,MilicaMijatovic@teleworm.us,Hopecover
Debeljak,Nebojša,NebojsaDebeljak@jourrapide.com,Witers
Hê,Chang,ChangHe@dayrep.com,Dind1946
Vázquez,Alison,AlisonVazquezMata@einrot.com,Questan1959
Tomić,Valerija,ValerijaTomic@dayrep.com,Diguest
Carter,Brian,BrianQCarter@dayrep.com,Gredyet
Isokoski,Magnus,MagnusIsokoski@dayrep.com,Dengagess55
Fyodorov,Jamal,JamalFyodorov@jourrapide.com,Inginy
Ko,Lee,LeeKo@rhyta.com,Emberought
McDonald,Miya,MiyaMcDonald@jourrapide.com,Youct1977
Holmberg,Thea,TheaHolmberg@rhyta.com,Coritiou
Desnoyers,Juliette,JulietteDesnoyers@einrot.com,Youstant
Ch'in,Kang,KangChin@cuvox.de,Therec
Haverkamp,Anam,AnamHaverkamp@dayrep.com,Liplet
Korat,Kaybok,KaybokKorat@teleworm.us,Romiliang
Salai,Jucika,SalaiJucika@jourrapide.com,Operepien
Ek,Sam,SamEk@armyspy.com,Soolder1948
Kotzher,Rodek,RodekKotzher@dayrep.com,Saidess65
طاهباز,منوچهر,MenwecheherTahebaz@superrito.com,Thera1954
Baez,Juan Pablo,JuanPabloBaezTrevino@rhyta.com,Lausithe1983
Vidaković,Olga,OlgaVidakovic@fleckens.hu,Bacturter
Hyvönen,Martti,MarttiHyvonen@einrot.com,Poseept
,Mitakurukutakatote,Mitakurukutakatote@teleworm.us,Drigat
Suárez,Merlín,MerlinSuarezLucero@jourrapide.com,Thistoll1954
Vidaković,Borna,BornaVidakovic@rhyta.com,Sirmend
Babica,David,DavidBabica@superrito.com,Frovessiom
Jabłoński,Ryszard,RyszardJablonski@dayrep.com,Tragen
Lo,Huan,HuanLo@superrito.com,Youteret
Gustavsson,Colin,ColinGustavsson@fleckens.hu,Wined1973
Glidden,Roger,RogerLGlidden@superrito.com,Facresid64
Jørgensen,Rasmus,RasmusJorgensen@armyspy.com,Doten1986
Gallo,Abbondio,AbbondioGallo@einrot.com,Whiseed1947
Zeeb,Martin,MartinZeeb@gustr.com,Stimers
Lundström,Penny,PennyLundstrom@gustr.com,Rookencepor
Bernódusson,Vignir,VignirBernodusson@jourrapide.com,Beadis
Løvstrøm,Isak,IsakLovstrom@cuvox.de,Anot1965
Thạch,Phấn,ThachDongPhan@fleckens.hu,Witheitay
Žílová,Lucie,LucieZilova@armyspy.com,Tommand
姚,穎安,YaoYingAn@rhyta.com,Befave91
Danka,Kelemen,DankaKelemen@armyspy.com,Boodsom
Finsch,Lara,LaraFinsch@fleckens.hu,Hereterving
Melanson,Viollette,ViolletteMelanson@superrito.com,Himst1961
Ага́пов,Ипполит,Suposincer@teleworm.us,Suposincer
Fakhoury,Sawsan,SawsanAbalFakhoury@cuvox.de,Anowid
Eberechukwu,Chinonyelum,ChinonyelumEberechukwu@superrito.com,Pubilty
Yüan,Chang,ChangYuan@jourrapide.com,Aper1939
Nnaife,Nkemka,NkemkaNnaife@einrot.com,Darat1955
Næss,Kaia,KaiaNaess@superrito.com,Iltor1979
Aaserud,Anna,AnnaAaserud@gustr.com,Jealifted
ذاکری,شیدا,ShadaDakera@fleckens.hu,Sharther
Nicholson,Anthony,AnthonyNicholson@jourrapide.com,Alses1988
倪,國安,NiGuoAn@dayrep.com,Canothed
Samuelsson,Mattis,MattisSamuelsson@einrot.com,Sperchative
Daluchineke,Kaodilinakachukwu,KaodilinakachukwuDaluchineke@armyspy.com,Lations58
Bányai,Marcsa,BanyaiMarcsa@cuvox.de,Aniffeepull
Took-Took,Minto,MintoTook-Took@cuvox.de,Cancest1991
Oldbuck,Madoc,MadocOldbuck@fleckens.hu,Stemblitrand
Potužáková,Alena,AlenaPotuzakova@cuvox.de,Andead
Piazza,Fedra,FedraPiazza@rhyta.com,Inhat1990
Kardem,Reclaw,ReclawKardem@gustr.com,Foubjecand1984
Gerste,Kevin,KevinGerste@fleckens.hu,Rectelon
Chmielewski,Łukasz,LukaszChmielewski@armyspy.com,Phourromposs1973
Cocci,Procopio,ProcopioCocci@rhyta.com,Aremin
Väyrynen,Annukka,AnnukkaVayrynen@armyspy.com,Powelt
Clayhanger,Alfrida,AlfridaClayhanger@cuvox.de,Musupothers
Abend,Tobias,TobiasAbend@jourrapide.com,Alit1948
孔,溫馨,KongWenXing@einrot.com,Proder
羅,虹均,LuoGongYun@armyspy.com,Samess
Marušić,Miljenka,MiljenkaMarusic@armyspy.com,Fals1993
Dernovšek,Dragi,DragiDernovsek@dayrep.com,Owee1964
Schulze,Luca,LucaSchulze@rhyta.com,Appece
Alvarado,Jack,JackAlvaradoAbrego@teleworm.us,Butincest
Dias,Leila,LeilaCunhaDias@gustr.com,Manciener54
,Shikuzukumimika,Shikuzukumimika@dayrep.com,Risfy1973
Curk,Manuela,ManuelaCurk@cuvox.de,Beciond
,Zukarinkuari,Zukarinkuari@teleworm.us,Mushmers67
สระบุรี,ดาวสวรรค์,,Stroully
Zambrano,Hernando,HernandoZambranoConcepcion@gustr.com,Anneve
Molnár,Radomér,MolnarRadomer@cuvox.de,Wountold38
Welch,Tyler,TylerWelch@teleworm.us,Thinty50
Bahar,Mu'awiyah,MuawiyahFayyadBahar@jourrapide.com,Dight1989
Kalinowski,Izydor,IzydorKalinowski@cuvox.de,Dren1961
Hogpen,Miranda,MirandaHogpen@cuvox.de,Forten
Tunnelly,Rose,RoseTunnelly@cuvox.de,Whatelto
Gebre,Michael,MichaelGebre@cuvox.de,Forut1977
Euler,Michael,MichaelJEuler@gustr.com,Thereapt
Djermanović,Sebastian,SebastianDjermanovic@rhyta.com,Butrunk
Dias,Isabela,IsabelaCastroDias@einrot.com,Pule1951
Panova,Zarema,ZaremaPanova@jourrapide.com,Rightes
Laureano,Segismundo,SegismundoLaureanoEscalante@superrito.com,Drinnera
﻿Černý,Vojtěch,VojtechCerny@superrito.com,Ancy1966
Vinogradova,Zemfira,ZemfiraVinogradova@armyspy.com,Birs1986
Diggle,Cora,CoraDiggle@dayrep.com,Arthemeder
Gairbekov,Alu,AluGairbekov@teleworm.us,Loys1966
Larsen,Henrik,HenrikLarsen@armyspy.com,Priese
Zawadzka,Konstancja,KonstancjaZawadzka@cuvox.de,Bland1982
,Zukarinkuari,Zukarinkuari@gustr.com,Hearating1937
Lapresse,Édouard,EdouardLapresse@jourrapide.com,Ardatimen1971
Másson,Elín,ElinMasson@cuvox.de,Forearies
Zawadzki,Sylwester,SylwesterZawadzki@gustr.com,Smandertne
Hytönen,Ari,AriHytonen@cuvox.de,Dameter56
Calabresi,Alvisio,AlvisioCalabresi@einrot.com,Marelf
Asmara,Fiori,FioriAsmara@cuvox.de,Indere
Hill,Reece,ReeceHill@fleckens.hu,Lase1972
Espinoza,Anfos,AnfosEspinozaSaenz@armyspy.com,Oune1970
گلی,اشکان,AshekeanGula@rhyta.com,Affeentogy
Fleischer,Isak,IsakFleischer@gustr.com,Gwasumeet72
Kargon,Akhil,AkhilKargon@einrot.com,Wherat
Kaufman,Marija Vera,MarijaVeraKaufman@einrot.com,Ocamen
Caraballo,Antonino,AntoninoCaraballoGomez@armyspy.com,Waying72
Brownlock,Arnor,ArnorBrownlock@jourrapide.com,Hentireacted
Galić,Mateja,MatejaGalic@einrot.com,Vithembity
,Tekikatoku,Tekikatoku@jourrapide.com,Shenduch
صمیعی,پریوش,PeraweshSemaea@rhyta.com,Proffelf
Nikkola,Tytti,TyttiNikkola@fleckens.hu,Darday
Quynh,Quế,QuynhThiCamQue@teleworm.us,Wasnew
Dostál,Roman,RomanDostal@armyspy.com,Frosuld
Danielsson,Marcus,MarcusDanielsson@dayrep.com,Garty1960
Hansen,Karl,KarlHansen@fleckens.hu,Eilteradde
Casillas,Albina,AlbinaCasillasMireles@superrito.com,Prestriall
Usamov,Azni,AzniUsamov@jourrapide.com,Thapt1987
Kruiswijk,Bionda,BiondaKruiswijk@einrot.com,Onch1964
Liu,On,OnLiu@teleworm.us,Plattlying
Pálfi,Sebo,PalfiSebo@superrito.com,Snest1952
Carvalho,Vitor,VitorCunhaCarvalho@armyspy.com,Wilkened
Habte,Luam,LuamHabte@einrot.com,Magentleed
Inglis,Ali,AliInglis@teleworm.us,Tratc1952
Mathieu,Stéphane,StephaneMathieu@gustr.com,Shad1977
傅,宗翰,FuZongHan@cuvox.de,Himat1937
Tsao,Qian,QianTsao@fleckens.hu,Blince
Kuhn,Kristin,KristinKuhn@einrot.com,Couty1967
Duvnjak,Krešo,KresoDuvnjak@armyspy.com,Makfating
وسمه چی,سیاوش,SaaweshWesmhchea@armyspy.com,Diandence
Bordeleau,Aymon,AymonBordeleau@fleckens.hu,Nowd1964
Gareau,Laetitia,LaetitiaGareau@rhyta.com,Theigiche
نویدی,روژینا,RewjeanaNewada@einrot.com,Dipt1947
Guirguis,Mushtaq,MushtaqAzizGuirguis@cuvox.de,Justan
King,Edgar,EdgarAKing@superrito.com,Theager
Chiwetelu,Chikwendu,ChikwenduChiwetelu@superrito.com,Agge1964
Ba,Ubayy,UbayyAdliBa@jourrapide.com,Purabbighty99
van der Have,Jorit,JoritvanderHave@einrot.com,Careat1979
Fomin,Thomas,ThomasFomin@dayrep.com,Sould1988
Mišljen,Sedina,SedinaMisljen@einrot.com,Wompas
Shen,Genji,GenjiShen@cuvox.de,Bung1940
Brockhouse,Pervinca,PervincaBrockhouse@superrito.com,Worgird
Amič,Branka,BrankaAmic@superrito.com,Roldatt
Sackville-Baggins,Dora,DoraSackville-Baggins@teleworm.us,Fachaps
邢,宛妤,GengYuanYu@cuvox.de,Thescal
Walker,Marcel,MarcelWalker@superrito.com,Forether
Forssell,Esa,EsaForssell@armyspy.com,Weepatien
Antar,Muhibb,MuhibbYasirAntar@superrito.com,Junashe
Villagómez,Ronan,RonanVillagomezCisneros@cuvox.de,Theepost
Rotton,Sam,SamRotton@gustr.com,Vill1992
Adonay,Abraham,AbrahamAdonay@armyspy.com,Difid1995
Sawicka,Klara,KlaraSawicka@fleckens.hu,Posuraid1977
Obijiaku,Lotanna,LotannaObijiaku@cuvox.de,Labonall98
Banks,Halfred,HalfredBanks@einrot.com,Inathind
Barbosa,Mariana,MarianaAraujoBarbosa@einrot.com,Quist1941
Oberg,Nate,NateOberg@jourrapide.com,Whise1957
Kodash,Kurn,KurnKodash@superrito.com,Tioss1943
Benítez,Medarno,MedarnoBenitezRomo@dayrep.com,Feled1986
Martins,Vinícius,ViniciusCardosoMartins@fleckens.hu,Apee1999
Fethawi,Medhanit,MedhanitFethawi@jourrapide.com,Decorichiggy
Andersen,Aksel,AkselAndersen@einrot.com,Agine1954
Bourgeois,Lowell,LowellBourgeois@teleworm.us,Bidermissele
Kor,B'ijik,BijikKor@superrito.com,Gimber84
Bernal,Ruth,RuthRBernal@gustr.com,Firestabrook
Barnett,Reece,ReeceBarnett@jourrapide.com,Astang
Nnamutaezinwa,Chukwukere,ChukwukereNnamutaezinwa@superrito.com,Somon1964
Cavazos,Iverna,IvernaCavazosRojo@jourrapide.com,Theiche
Moffat,James,JamesMoffat@teleworm.us,Hamme1935
Ponomaryov,Seraphim,SeraphimPonomaryov@teleworm.us,Stioness
Kantee,Eerik,EerikKantee@einrot.com,Cusufattion
Bisliev,Rizvan,RizvanBisliev@cuvox.de,Agniza
Nowak ,Gabryŝ,GabrysNowak@einrot.com,Aily1971
Božijak,Iljir,IljirBozijak@superrito.com,Gres1957
Lưu,Cầm,LuuVanCam@cuvox.de,Aetherins94
Bùi,Tuyết,BuiToTuyet@armyspy.com,Forearies89
Efrem,Birikti,BiriktiEfrem@gustr.com,Thishatthe
Østergaard,Nina,NinaMOstergaard@teleworm.us,Yournegand
Ermakova,Alla,AllaErmakova@fleckens.hu,Promento
Buskens,Youssef,YoussefBuskens@jourrapide.com,Stione
Vinogradova,Ustinov,UstinovVinogradova@cuvox.de,Alarat
牛,育嘉,NiuYoJia@jourrapide.com,Facconly
Chung,Hóa,ChungDongHoa@fleckens.hu,Pictura
Medvedeva,Iraida,IraidaMedvedeva@gustr.com,Swerstene
Montanez,Ingeberg,IngebergMontanezVelasquez@cuvox.de,Manoth
Pelcl,Hasema,HasemaPelcl@superrito.com,Whictibed1938
Naser,Wadha,WadhaDhukaNaser@cuvox.de,Theall
Ryan,William,WilliamSRyan@jourrapide.com,Goned1941
Kalb,Alhusayn,AlhusaynBahaKalb@armyspy.com,Brint1993
Muukkonen,Karoliina,KaroliinaMuukkonen@superrito.com,Baraw1988
Moquin,Hortense,HortenseMoquin@einrot.com,Conage57
Knížková,Soňa,SonaKnizkova@cuvox.de,Shigh1979
Dudek,Felicjan,FelicjanDudek@superrito.com,Knou1944
Szôllôs,Berta,SzollosBerta@rhyta.com,Acceent
Filmon,Kedija,KedijaFilmon@gustr.com,Laboyet
Ívarsdóttir,Elva,ElvaIvarsdottir@cuvox.de,Flin1981
Vizirov,Kameta,KametaVizirov@jourrapide.com,Gairtial
Lange,Susanne,SusanneLange@dayrep.com,Lonst1953
Vas,Szevér,VasSzever@cuvox.de,Friver
Marshall,Violet,VioletDMarshall@rhyta.com,Appermak
,Katazukushichika,Katazukushichika@armyspy.com,Faies1964
Cunha,Paulo,PauloSouzaCunha@armyspy.com,Muscom
Underhill,Goldilocks,GoldilocksUnderhill@gustr.com,Nack1948
高,子柔,GaoZiRou@gustr.com,Wrid1991
Schøyen,Synne,SynneSchoyen@cuvox.de,Spokis38
Alejandro,Misky,MiskyAlejandroSalcido@cuvox.de,Staket
Efremov,Ilya,IlyaEfremov@einrot.com,Gery1947
Nielsen,Ludvig,LudvigNielsen@dayrep.com,Belially
Tobiassen,Margrethe,MargretheTobiassen@gustr.com,Pred1981
Kilfoyle,Toby,TobyKilfoyle@teleworm.us,Thinsized
นะแหละ,สุสกล,,Sirstee
Blau,Manuela,ManuelaBlau@armyspy.com,Froseed
Kevin,Kaitlyn,KaitlynKevin@dayrep.com,Soored
倪,惠雯,NiHuiWen@einrot.com,Gooke2000
Lê,Huynh,LeTrongHuynh@gustr.com,Sporrok
Pisani,Speranza,SperanzaPisani@fleckens.hu,Brint1938
Kovách,Aggie,KovachAggie@armyspy.com,Copprectent98
Guðjónsdóttir,Dagrún,DagrunGudjonsdottir@jourrapide.com,Messled1987
Ibrahimova,Maya,MayaIbrahimova@rhyta.com,Adell1983
Gamgee,Poppy,PoppyGamgee@teleworm.us,Rearmiend76
,Meikitatakiku,Meikitatakiku@superrito.com,Nothers74
Dresdner,Kevin,KevinDresdner@gustr.com,Plicaut
Sabbag,Basheera,BasheeraSafaaSabbag@einrot.com,Waget1972
Bolje,Sajra,SajraBolje@jourrapide.com,Frinum
Zikoranachukwudimma,Sopuluchukwu,SopuluchukwuZikoranachukwudimma@teleworm.us,Harks1968
Olszewska,Lidia,LidiaOlszewska@dayrep.com,Meate1968
Morávková,Věra,VeraMoravkova@teleworm.us,Joughty1969
Sal,Antonia,AntoniaSal@einrot.com,Wassix
Jensen,Gerth,GerthJensen@rhyta.com,Theince
Król,Hainrich,HainrichKrol@teleworm.us,Padmings34
Laboissonnière,Legget,LeggetLaboissonniere@jourrapide.com,Onvalcor
Ага́пова,Полина,Hinticitted1975@fleckens.hu,Hinticitted1975
Cheng,Guang,GuangCheng@armyspy.com,Awyear
Belousov,Gore,GoreBelousov@einrot.com,Briver
Щербаков,Родион,Whipmed@rhyta.com,Whipmed
Singh,Kieran,KieranSingh@gustr.com,Shime1978
Lucciano,Michela,MichelaLucciano@armyspy.com,Losead
Khadzhiev,Arzu,ArzuKhadzhiev@dayrep.com,Voing1972
Mailly,Christien,ChristienMailly@gustr.com,Shearompal
Andreasson,Deborah,DeborahAndreasson@gustr.com,Witilen
Drexa,Maglin,MaglinDrexa@fleckens.hu,Shollstrown
Olisaemeka,Uchechukwu,UchechukwuOlisaemeka@rhyta.com,Thense
Cadell,Laura,LauraCadell@cuvox.de,Carray
Repin,Gordey,GordeyRepin@einrot.com,Witho1992
Hauta-aho,Tytti,TyttiHauta-aho@dayrep.com,Hickinurpoll
Murray,Willow,WillowMurray@gustr.com,Sureas
Jager,Ralph,RalphJager@dayrep.com,Whisonds
Chu,Chư,ChuThiChu@einrot.com,Froustee
Vương,Phi,VuongThiThanhPhi@teleworm.us,Ancel1952
Morel,Édith,EdithMorel@fleckens.hu,Idel1970
Anderson,Abbi,AbbiAnderson@teleworm.us,Opuriank
Muilwijk,Dwayne,DwayneMuilwijk@teleworm.us,Youte1934
เมืองสีดา,อัศธศิษฐิ์,,Splentre
Kvíčalová,Jana,JanaKvicalova@einrot.com,Finied
Rasmussen,Laurits,LauritsARasmussen@jourrapide.com,Fouthe
Martinez,Alvina,AlvinaHMartinez@superrito.com,Claid1973
Calabrese,Ivone,IvoneCalabrese@jourrapide.com,Wortiouti
Mi'Qogh,Sira,SiraMiQogh@jourrapide.com,Ared1990
Lebedeva,Angela,AngelaLebedeva@einrot.com,Entoo1990
کریمی,سوری,SewraKerama@dayrep.com,Nath1998
Hogpen,Robinia,RobiniaHogpen@rhyta.com,Llostastings
Tahan,Khuzaymah,KhuzaymahJaleelTahan@cuvox.de,Answert77
Biermann,Lukas,LukasBiermann@einrot.com,Frount1955
Onwuka,Echezonachukwu,EchezonachukwuOnwuka@superrito.com,Agart1939
Cavalcanti,Eduarda,EduardaSouzaCavalcanti@cuvox.de,Suplined
Martinović,Ankica,AnkicaMartinovic@jourrapide.com,Youghtisto55
Rocha,Erick,ErickAlvesRocha@jourrapide.com,Owent1972
Baca,Mahdi,MahdiBacaBecerra@cuvox.de,Manout
Jakobsen,Andreas,AndreasJakobsen@teleworm.us,Knould
Albert,Aggie,AlbertAggie@einrot.com,Grens1992
Saliba,Nida,NidaSunbulSaliba@rhyta.com,Witte1957
Jónmundsson,Njörður,NjordurJonmundsson@cuvox.de,Douner
Macquarie,Mikayla,MikaylaMacquarie@fleckens.hu,Cammiect
Lara,Habid,HabidLaraEspinosa@rhyta.com,Hismandent
Chubb,Dora,DoraChubb@rhyta.com,Theromele
Sántha,Vilmos,SanthaVilmos@armyspy.com,Madmid
Czerwinski,Urjasz,UrjaszCzerwinski@teleworm.us,Randiall
Jeremiassen,Daniel,DanielJeremiassen@einrot.com,Compearid
Evseyev,Irakli,IrakliEvseyev@rhyta.com,Oldisher82
Jerebič,Minire,MinireJerebic@gustr.com,Thanneatch
Gowr,Koryo,KoryoGowr@einrot.com,Stook1979
,Chirimorinkaari,Chirimorinkaari@superrito.com,Engly1998
Коновалова,Анна,Lars1970@einrot.com,Lars1970
Đorđeski,Anet,AnetDordeski@rhyta.com,Draire
Odili,Chiahalam,ChiahalamOdili@superrito.com,Burt1940
Bragason,Eysteinn,EysteinnBragason@jourrapide.com,Pecausely
Sheshy,Bisrat,BisratSheshy@armyspy.com,Aftly1967
Daniel,Luwam,LuwamDaniel@gustr.com,Exceplicted
Gabriel,Jim,JimDGabriel@armyspy.com,Beess1984
Barbosa,Vitória,VitoriaSousaBarbosa@gustr.com,Calat1977
Poulsen,Torben,TorbenRPoulsen@jourrapide.com,Moson1942
Gustafsson,Vilmer,VilmerGustafsson@armyspy.com,Yescupon
Lima,Breno,BrenoAraujoLima@einrot.com,Berstionshe
Apodaca,Marvel,MarvelApodacaBecerra@cuvox.de,Ounded1937
Yen,Ying,YingYen@gustr.com,Thelock57
کریمی,خداداد,KhedadadKerama@cuvox.de,Ablem2000
Евдокимов,Тимур,Doind1979@armyspy.com,Doind1979
Mironova,Valeria,ValeriaMironova@superrito.com,Yourrimed
Lennert,Emilie,EmilieLennert@jourrapide.com,Firessin1958
白,雅涵,BoYaHan@gustr.com,Whadven62
Borkowska,Konstancja,KonstancjaBorkowska@gustr.com,Squaques00
Nowakowski,Fryderyk,FryderykNowakowski@cuvox.de,Sidlits
Roughley,Timothy,TimothyRoughley@teleworm.us,Dide1995
Hurtado,Fabricio,FabricioHurtadoFlores@rhyta.com,Quileste
Dias,Marisa,MarisaOliveiraDias@einrot.com,Abse1978
顧,仁富,GuRenFu@einrot.com,Shimed
Andreasen,Amalie,AmalieCAndreasen@cuvox.de,Juseenoth
Zetticci,Giacinta,GiacintaZetticci@superrito.com,Fanceth
Ross,Kerry,KerryRoss@gustr.com,Thelikin
Michael,Semrawit,SemrawitMichael@fleckens.hu,Histal
Talbot,Nathan,NathanTalbot@gustr.com,Comereaver
Tang,Doreen,DoreenTang@armyspy.com,Difewore66
Hsing,Dong,DongHsing@jourrapide.com,Whas1968
Antunović,Ana,AnaAntunovic@superrito.com,Pacconte
Duda,Cecylia,CecyliaDuda@gustr.com,Fecoing59
Lý,Quốc,LyAnhQuoc@gustr.com,Inceed1970
,Temoshimochirifu,Temoshimochirifu@gustr.com,Couldayse
Runjak,Kire,KireRunjak@gustr.com,Poinsuldown1995
Scheer,Xavier,XavierScheer@cuvox.de,Commothe
Mbadiwe,Chukwuhaenye,ChukwuhaenyeMbadiwe@rhyta.com,Whournany
Ruitenberg,Rishma,RishmaRuitenberg@armyspy.com,Plefusbacce
Thạch,Út,ThachThiMongUt@gustr.com,Coustruste
Lazenby,Dominic,DominicLazenby@dayrep.com,Deent1945
Burleigh,Gary,GaryLBurleigh@jourrapide.com,Sammat
خالدی,سام,SamKhaleda@rhyta.com,Siging56
van Cruchten,Irma,IrmavanCruchten@gustr.com,Entime
Szczepańska,Ludmiła,LudmilaSzczepanska@cuvox.de,Pand1939
Brassard,Carla,CarlaCBrassard@rhyta.com,Forseir
Zayas,Jennifer,JenniferWZayas@einrot.com,Poppy1957
Gerencsér,Mozes,GerencserMozes@einrot.com,Paill1997
Akhtakhanov,Bitsi,BitsiAkhtakhanov@gustr.com,Wenton
Kwiatkowski,Amadej,AmadejKwiatkowski@einrot.com,Heizieray
Nazario,Tabaré,TabareNazarioAponte@jourrapide.com,Opribution
Barbosa,Leila,LeilaOliveiraBarbosa@gustr.com,Stat1978
Hlušička,Svetozar,SvetozarHlusicka@superrito.com,Chimplas63
Hertzog,Katja,KatjaHertzog@armyspy.com,Yousterromme
Yonas,Luwam,LuwamYonas@fleckens.hu,Musidn
Rivero,Dalma,DalmaRiveroVillasenor@superrito.com,Theraingaid1969
Szôllösi,Treszka,SzollosiTreszka@fleckens.hu,Losom1999
Loggia,Rodrigo,RodrigoLoggia@teleworm.us,Comineve
Andersson,Louise,LouiseAndersson@fleckens.hu,Beatems
Vương,Thiều,VuongQuiThieu@einrot.com,Theraideban
Daher,Maimun,MaimunSaudDaher@einrot.com,Phouttrat
Fairbairn,Grimalda,GrimaldaFairbairn@armyspy.com,Wavers1945
อรรถจักร์,จุฬาพันธ์,,Yountintir1946
Izmailova,Elvira,ElviraIzmailova@gustr.com,Withaturaine
نویدی,گیتی,GuataNewada@rhyta.com,Anings
Dahl,Maja,MajaDahl@rhyta.com,Befull
Sandgreen,Thomas,ThomasSandgreen@superrito.com,Thermly
Lạc,Thọ,LacAnhTho@jourrapide.com,Youblauthe44
Frandsen,Johan,JohanEFrandsen@fleckens.hu,Lonishe
Vũ,Cao,VuTienCao@gustr.com,Warcullin
Khadzhiyev,Khuseyn,KhuseynKhadzhiyev@fleckens.hu,Aredy1955
نوری,سوری,SewraNewra@rhyta.com,Mices1946
Tesmi,Aziz,AzizTesmi@jourrapide.com,Justat
Artyomova,Mstislav,MstislavArtyomova@gustr.com,Afteper
Wilson,Christina,ChristinaCWilson@armyspy.com,Pard1974
Gura,Kehli,KehliGura@fleckens.hu,Trant1980
Chimaijem,Chidalu,ChidaluChimaijem@gustr.com,Whovestaken
Kamiński,Aureliusz,AureliuszKaminski@cuvox.de,Tharnilich
Golčnik,Mitra,MitraGolcnik@fleckens.hu,Thenceacin
Истомин,Никон,Loven1976@fleckens.hu,Loven1976
Almeida,Isabella,IsabellaMeloAlmeida@armyspy.com,Wandid
Kurper,Vekma,VekmaKurper@armyspy.com,Nablowand
Alves,Enzo,EnzoAraujoAlves@einrot.com,Saits1970
Delgado,Iair,IairDelgadoVenegas@cuvox.de,Divenountly